name,unixtime,commitguid
Matthew Gregan,1469582831,11ec2c0ac35e102b1098252e4b061f71e475b9ec
Matthew Gregan,1469581336,c95593c3dd39b837cd496a8830c9916abae937eb
leonardo.yvens,1469580843,1252997dcb9162dddc33d87eda2f7fcf4be56606
Matthew Gregan,1469570994,c67eeb88ed5af91c3c4df088850194deed7d379d
Ralph Giles,1468869702,1179840e3b33974164254a294754b3066f569ce5
Matthew Gregan,1468499119,af73c333cc2bc0c20d567e1fb89f65a998ff52fb
Matthew Gregan,1468496028,e43f98562eedc80fe818e06133b10244cfec4bac
masklinn,1468418975,3c4eac4cd09068284602b814fab691ab94e381b3
Ralph Giles,1467236615,77d65ea9f9a10944626aaebcedd158f0b5d09be4
Ralph Giles,1467061958,5e7e91e2ed55cd9a517fac98870c300962a2e9fc
Ralph Giles,1466802349,b4e6993fa030195bbe2203b1c86f5bd3feee3daa
Ralph Giles,1466707251,a9f32d000184e8b476d8b7ea79338a09b3860316
Ralph Giles,1466706966,c1fc71affa0dad78a4027cae5350330ada440b88
Matthew Gregan,1466634235,dd753eca999dd3bcfbc59aef476770c9eab99d2a
Ralph Giles,1464128405,aca1e8b949f541952ee425b8fb438980099910a3
Ralph Giles,1466431665,26b9378db1032d1021b750d0652b74c63fd2f152
Ralph Giles,1466431309,92900776e8f2500c6d016e4a2df6543150e3e682
Matthew Gregan,1466158387,4bb36452377a49f4ac86dc763053130d3263b940
Ralph Giles,1466152190,05b8b92c18fba067daa58e1378272c67a59cc544
Ralph Giles,1466151875,44aa2044e5635d4426c5d240b5ce5a1bdbadd7dc
Ralph Giles,1464976661,a78a8756709fe49b2585eb1f81831f54f344f82b
Ralph Giles,1464205620,ff7766057034d77ab2696175c9b80496d5db43b6
Ralph Giles,1464199236,0ab7f6288ba802d22122807af00e5eb72223ad4d
Ralph Giles,1458852149,33d20603b3d0f69f5f45e83e3717ff9637b6b0a3
Ralph Giles,1458752050,1e04be40843c886efac047adf7b94d79395f9ab1
Matthew Gregan,1458699149,a416567809da1daa0e4ab8c2a1d326bc6f0fa798
Ralph Giles,1457734509,b0e39c4c8ac76a4749a649c087ca1e55db2881ad
Ralph Giles,1457734338,00dd0ebda037a97a29d166a86238acd1fb8b0407
Matthew Gregan,1457582806,97615394e8416cc91a16d623151cdf2125a5c3c0
Matthew Gregan,1457580948,212cd002e86f751adf03f8eca283e3b3721f485c
Matthew Gregan,1457488133,65e018f42975aadacae64b87fe420a80de070188
Matthew Gregan,1457056597,80839fc12e95409ae25e8441c2384b6ec380356b
Matthew Gregan,1457055145,58de445ea83c9c0f3fa70f1d6dfb4bfa1f28ded9
Matthew Gregan,1457054298,6dea54465d6b9d446a38a7fbd945ddfdf3f7d57b
Matthew Gregan,1456964468,884f296990a681df81512dee77a49a3438778c7c
Matthew Gregan,1456892765,e316f24a1dd1c9103226171add7d73577c466072
Matthew Gregan,1456882210,4f8e51d2eff1f7e46eed3d6680c6e6757bd06f1f
Matthew Gregan,1456874695,ff39ce0af6d48f53acaf29bbf61fe9e3b51214dc
Matthew Gregan,1456794970,b664d5736ceb2c5800a2f020305e70eae107b4d4
Matthew Gregan,1456790965,56bb4c98f8d22952d55960f38fb7e7787a88386e
Matthew Gregan,1456790539,c5b1d624637e8bfd07214ce78ae793912ef3372b
Matthew Gregan,1456725124,ff1882a9f5529aa7e9e2122560c731b7a0fe7feb
Matthew Gregan,1456724777,94bd31d1ef730795d42b6fa075a12b4fed34bf2a
Matthew Gregan,1456718923,822abadce9caaf0dd6ec3e22b9bfa0c6ea703077
Matthew Gregan,1456374408,20d81a92487a9aeeacd3c798b521a92a8d8ffebb
Matthew Gregan,1456367739,08f90ab567b0bea2abad16042fc25a415b884845
Matthew Gregan,1456365049,410eaac42c4ae9ee7f26aa80ab18ecdfb2d7d423
Matthew Gregan,1456281709,baaed562cc64ce1f3b370df21cc99a6d8ecb0b74
Matthew Gregan,1455684710,1fa902ce6a3808f3d65e7f4e5cd2aa228e8816c3
Matthew Gregan,1455516974,18fe025de48d0a2bb2ae55e603ab9dd162cadf1c
Matthew Gregan,1455506656,1d808f1f620b49452a253f7c7dc63b0b12494cbe
Matthew Gregan,1455322430,a7b4b594dc0089aa00eab27ae6a8006d354429ac
Matthew Gregan,1455322330,67a0f7f57f265274109599d86e88efa338041a15
Matthew Gregan,1455417523,122c9efef6dd3d4975fad7e037df4986edba5f46
Matthew Gregan,1455259138,ea8627c82db9d802d0ee16bc12c6d18c887deebe
Matthew Gregan,1455258653,022390632f363bed8ed9d26853d11cc96bf3ade1
Matthew Gregan,1455252397,3d2c8bb74c4ba6ca3df4df04df207c3ce8c241c0
Matthew Gregan,1454567185,6fdc4a7285774896723f01e9c006baaa983ab860
Matthew Gregan,1454564383,2f37ce902c77ea39cce0d69d5be06776983043d9
Matthew Gregan,1454559430,adfb8942b6987f9587effea1b538e4d99c67d16e
Matthew Gregan,1454559399,396255d33a6117c0186ebe2d43d4d183c21801ff
Matthew Gregan,1454556818,05953b7c92ddc1f247c84285a7a6028388d4c234
Matthew Gregan,1454555571,e688b6534e09915e384bd829f3fb7f03c998fa3b
Matthew Gregan,1454482978,f33eb07f95252621e726993a763a8472b2bb7fa7
Matthew Gregan,1454478751,af6a38dee513bacf0ca255d83254c07bf13ff5b3
Matthew Gregan,1454477577,3f5387549cc1c95c6b2d68f012cd8d00e4266a40
Matthew Gregan,1454476815,56973bb3ba5fa6b0cbc80da69c6fb463411d1c52
Matthew Gregan,1454475021,0052b55b93c18329365745d9e9377e770630caf6
Matthew Gregan,1454473871,048259279dfcb57d8bc587df2278f4697280efbd
Matthew Gregan,1454473851,8c2b220a76aa655ca9d1a3ea186108f38d05d409
Matthew Gregan,1454469912,44e129ec072c720de2d5f07c8a743e99356e0cc0
Matthew Gregan,1454372223,ca034350526d294d37688ad9e3002b3c82cff368
Matthew Gregan,1454295273,6c349b0e6e4f27621a3c401e2c2488651074d798
Matthew Gregan,1454295124,53982090c6a84fa9ab2048c979995710e58feb0a
Matthew Gregan,1454293214,dc56ac8ee37a590ca6cbd4e80ad00cbee07c66ef
Matthew Gregan,1454291965,21311727acdd8590a9d2c8469a4aab7b3ef31b60
Matthew Gregan,1454291027,20f3ba5670a5857eb98a1a2fc7108b058113f053
Matthew Gregan,1454290273,e508f6f03c136adde866813dd5c139ed4040e8ad
Matthew Gregan,1454288317,f069c4dc7178a0bc1c0a9944d35e6e157d4d4cd6
Matthew Gregan,1454286645,d151552ecc1b83bd8182697b0bb70b33bfdc9a1f
Matthew Gregan,1454283306,d96893a131078af5932bf170295e432186b99a4b
Matthew Gregan,1454281503,96df295899d5b590d4019eb3663a1cf0f278f0b0
Matthew Gregan,1454279953,cee0968f4369007575b1d712648347c99dfac59d
Matthew Gregan,1454279858,eb7b793c25e64981510e0584d1f16393d935a89a
Ralph Giles,1456937487,0d693d67af2de8612b65c46e761419f2ea8fb4ff
Matthew Gregan,1456455676,74b7afc9c8f4614423591169b263dfb35e43eaae
Matthew Gregan,1456374352,c6ad61c8622e8a4c497824d72534e25af75c3868
Matthew Gregan,1456191780,42e09b612189f0a0edfdb9b60eb09a543147eb7b
Matthew Gregan,1455847164,ac8f13f7b87a8e6a8575fae0d63427b7958d5786
Matthew Gregan,1455847104,9b83c442d52a6468b01b86bacb4f6cf448841b4c
Matthew Gregan,1455847003,356904c9a4128c535fd7f8bdf53bbdd9ec4b32c9
Matthew Gregan,1455759166,3dd4adfe3ced29daf1fad85908f46e4be605a5f6
Matthew Gregan,1455759225,dcc73df176da3f661c3551717c11c0e3daa08959
Matthew Gregan,1455751408,3df06c78664cf2b5be9d7f78847e41bf2f28b9e1
Matthew Gregan,1455686257,cada0aaaf63169753556c52ac15274de1e37474b
Matthew Gregan,1455682666,63666c01622ec2f88cc8a3d9688e176437cfeb1a
Matthew Gregan,1455677083,064029f1580eecd11257fc6cd507f300b13d69b7
Matthew Gregan,1455675689,dbb6e50bfc90bffba87feb8a29cae33c3a540bff
Matthew Gregan,1455517093,8fcec67b5934f2001bba73c7eee7dacc281edf99
Ralph Giles,1454464254,bd624432f054e037f5911c428b6ffcf44c5f0c2d
Ralph Giles,1454451653,2845b60c955f7c40f98ba7181c10c00b29c0dfe2
Matthew Gregan,1454045416,c13a0c6b6f942217cfc7c0834e08e521779091b5
Ralph Giles,1454019944,bb8d837ccb46bc3c1e78fd4e39ea6f195fdcff33
Ralph Giles,1454360666,1a351385fd5b1e6998b0514b3eca0ab3380cf308
Ralph Giles,1454096206,9ab70070e7870cec900f4d6f9e352e6a5f7bf6f4
Ralph Giles,1454050670,6cc62f6a7a9d1f925a641a12dc510d38b8440f4a
Ralph Giles,1454049811,10d3decebafe06eca1b23b207b9222db36c651b0
Matthew Gregan,1454042229,431c8f7a12386679210ad1f3e60e6900318178db
Matthew Gregan,1454039951,9d5587826090fa15823221ec8a44645667b760c5
Matthew Gregan,1454032513,6a27f574907293d3dc6d0b7f801d6b2ff04e1fe1
Matthew Gregan,1454031739,4b759baef750275e4d3eaf4195802a561dc5debf
Matthew Gregan,1454031531,7c435a14d15f60b1cbcbf383dd36649f0f5d1233
Matthew Gregan,1454031358,b7d9d6ff2759a223f56f3cb61ec7cfdc42f824ff
Matthew Gregan,1454028227,08ffa8a8a9d4d93cbd48e0deb8aaaeeb2e1cd288
Matthew Gregan,1454026637,2ddff4c3648ced5618b9c896f81034e823fe0746
Ralph Giles,1454022037,f6e61c1e05e3c6114f1dbd8e42c2ba5549955e34
Ralph Giles,1454017235,ab29235aef483c38d188df5b78c70ae56897b3bc
Ralph Giles,1454016760,3dc561c54d25e9fa621fa754428df89fce142b55
Ralph Giles,1454014616,54466ed83d08cafcbbec83d8f3984acd0d7a9c6f
Ralph Giles,1454014033,559f226025b324ed16d7f34152db2e2135895610
Ralph Giles,1454008306,38f8213980f7dc77fc8f4e44ba82cd5fad831123
Ralph Giles,1454007224,1267beb08cc6c16b5095ffdc5b74744c40861c60
Ralph Giles,1454007023,d14c05a74a0a8a1bfb3881144efa61854ffdd797
Ralph Giles,1454007013,85fddb4e26a18285684c053e81e60acac2ea3ae4
Ralph Giles,1454006830,3965cdaa93128ee03ef04b55bc699d4b007431dd
Ralph Giles,1454004518,b4abdb5870c01af79560f98114d4ae5139bacb8d
Ralph Giles,1454004378,142d039e8264023a30ae9daaa1e3d92c0f339a21
Matthew Gregan,1453940942,ba69f4b3f9bc3c42a13c8190b24a41ab46ce0619
Matthew Gregan,1452738099,1a58bd4c0c381e5496c861bd5ee130e804d2838a
Ralph Giles,1453875749,f773e306b0b7aff621cacec90db42dee09804bb1
Matthew Gregan,1453860156,3f9439a103b3af92eeba469a1910e2e4786cb11b
Matthew Gregan,1453859916,ebb3c527c7cd1f0cd17b26f64bb7529c31aa5c99
Ralph Giles,1453842086,f56d139672c9fe59d02711fbebe1b686e08425e8
Matthew Gregan,1453770344,36d258783c5c659e662d0ce0ffbf6af86a8f24bf
Matthew Gregan,1453779993,86a2196255ca9209a6601154836f3cb72cc16b75
Ralph Giles,1453771526,9c1868584515c2c86922c0d847b19281e73dbcf1
Ralph Giles,1453771372,8690f2a7d3c40944b0cb850ddb901e536cb28d59
Ralph Giles,1453770600,fc434ab1cdea65d0260dc1ba1d20c8646f4725b9
Matthew Gregan,1453770344,b6d562127c879b0dbaf1bfccf1f8004568a4f953
Ralph Giles,1453766019,f17e3e841e43278eef7f2c52faf00e553ba83b0e
Ralph Giles,1453742340,986a4df126335a43f0948f75b2b176fb097f629a
Matthew Gregan,1453692854,ec007a4334c3a5d89b8b77ea4b9a1a1521aa3b90
Matthew Gregan,1453681373,d8fc5955d55e2eebc998119c485f660a5c3f6050
Matthew Gregan,1453680764,d4e550a4901907cfe3a2d4fe4e87054e952d7974
Matthew Gregan,1453678673,c01fbb7d7532d7f30e7a2c2933fcd8c051080c6b
Matthew Gregan,1453677483,114763e34e5ee5868d7e7295dfe394ec869e2599
Ralph Giles,1453509270,6179efd9089f368cbde7a306f6911de6bb893e88
Ralph Giles,1452734176,3d32bd51194a8925ce674d79a7f3f453ceb8d4bb
Ralph Giles,1453506595,ac2c5860d1ae909effc76259614c630067e1c49c
Ralph Giles,1453505146,7a87789367435ff65ca5e3e7f28fb55c974b6488
Ralph Giles,1453161611,3e5879dabbe69e9a6d290976f5d8e4f8d5840dfd
Ralph Giles,1453506972,83049b274576e26fb0398b3dfed20fa56ca24c01
Matthew Gregan,1453418232,6b1a6bef0fa5d80d4a7e501b03d2aeeb9434d9bd
Matthew Gregan,1453070229,e1244dfe675a6247d66a6ebaeaeba98671ec04a1
Matthew Gregan,1453321847,c46d7366ca7dd284b29377aff6fb02c0c4a2258c
fbergr,1453318763,445295727b1abf8236a658fe9083155286863462
Ralph Giles,1453161978,f10e6568a3ce4b41b374fcff3c3e8e08bccbbc4b
Ralph Giles,1452877926,ae41707decfc9a464ebd07fff0587bfb8a6df2cd
Ralph Giles,1452875862,ce799da0470848d5390087fd5155334ecf3018ac
Matthew Gregan,1452839091,1b80cbcc129918db01f51b719314437922fd5735
Matthew Gregan,1452825209,66976e246091b8ca1ced610662d3ca05ba2aecdc
Matthew Gregan,1452660661,87b0eb72caee5af8de0d7dfd3636ad2992236a5a
Matthew Gregan,1452660559,7aabe7ce3e07ef10d5e680bd4403eab3a7b990ec
Matthew Gregan,1452646157,18dcd97b2437662d688b04d9b932d21ed2b24c75
Ralph Giles,1452812164,0e1d3d691cf765274815e08657dc8005306c1262
Matthew Gregan,1452805276,dad7005d9e524f0e0c1db534895f9ff95615744d
Francois Marier,1452804619,6ee2396826567f46c791d1bc50edddb86d8f034d
Ralph Giles,1452541432,5c4ff09290ba3a33ac62fe6f95a03d8e595430f4
Ralph Giles,1452539979,d5b04f72428d9af42803237386f2a6ff8f0fdbca
Ralph Giles,1452536114,627c647db4a5001a6ee66f3d3b3c1963542552ff
Matthew Gregan,1452494105,ff3eecc9c4d29691230b87b6d5b3aa635193ac33
Matthew Gregan,1452487653,433d38c1cc63d0eb9af745aee05d4bda69c089de
Matthew Gregan,1452485616,06907478d48171910d9a2cad7aeb1e5a052c510b
Matthew Gregan,1452484454,d08bd742a2ef8fd4dd66d592c0b61361854fbd56
Matthew Gregan,1452483113,70138ebbf9027538c8626e5e8f315a5c8d805390
Matthew Gregan,1452476140,074681ca875d7aac3458bed723f6b1295cc9ab04
Ralph Giles,1452289872,4e1f716ec1539f7ebbb14d9d78d06e0309ea44cc
Ralph Giles,1452286857,a8b0bfb8db15a698a008d11e68e8e656b33e077a
Ralph Giles,1452286805,1f23529bea40325819dcb5b9640b7324744795ad
Ralph Giles,1452273931,dad0060b5ea84f212daf525e376183ff3cd5cfab
Matthew Gregan,1452231509,85be3cc1fe51ad8087255956927cc41efa5e86eb
Matthew Gregan,1452231016,ec4196abdac90a14689a27a35a2c5fed628a28b5
Matthew Gregan,1452230355,c589956461a446fbd6711044a8b9177cd9c6d601
Matthew Gregan,1452225946,079fc7417c62866c6c640497088555c26dee078d
Matthew Gregan,1452223573,ac02915cddaa79ed4426881dd1cdf1cda58c5d2b
Matthew Gregan,1452222913,70fb559b375647a5f712b317379d55f3de18306f
Matthew Gregan,1452222723,42c1807f4cedc027e805e60db2143c469be1c7cf
Matthew Gregan,1452222654,d97784dfc8cf50a6947ce156bf7c5166bc3dd0b0
Matthew Gregan,1452222624,e9e15a3ed600c192d9927faa50aa1416ddef6620
Matthew Gregan,1452222586,34bd1f2dcacd9b1df501f9ac9ce142a972e660f2
Ralph Giles,1452210715,0f3e3e0d6202ecd6b643e14b9bfaa16ff8d77f61
Ralph Giles,1452200121,a0d723b4f522882bbacc8baf533d6bcf392eecba
Ralph Giles,1452188453,0d1a0929b331fcf45eae47916dffe92f8b3e70f9
Matthew Gregan,1452148284,29d703d38e1684d9fe38842d742bd62be1d541d8
Matthew Gregan,1450399505,a9b89085027a3ff7efa56836882bb7c5bda8c296
Matthew Gregan,1450399222,ee337797604f38d0d528a7fc1333e835c0728ac2
Matthew Gregan,1450398078,35700be92e5fee6cee8a6324ebb86aadb409972a
Matthew Gregan,1450133012,4cb6eba6529516c77e5d698c6aad31eca41aa909
Matthew Gregan,1449679426,384ab94f839faf26789257593f41885d859b53e2
Matthew Gregan,1449676329,b367a0e22f1ca9d88d6e9512ac4e6e9cfa6fe121
Matthew Gregan,1449676177,d34bb609139291135a510993024c9f8b31de285c
Matthew Gregan,1449676008,3bc18ed847aba90e12190b9fab93f6f6415b7351
Ralph Giles,1449104540,17a8f84dc2dd077a868fc60f5be06ae68c71d6c8
Ralph Giles,1449103147,57093068740b8ab5c0b9f4e131214c0cb3691a8b
Ralph Giles,1449077449,095943e581a48a50863a645878e1bc76dd60288b
Ralph Giles,1449020380,be721854de6f31b307176379c883e8e3a9d661ca
Matthew Gregan,1449020165,c0d50c11bee40cfe771c72efcc39371784582eaf
Ralph Giles,1449019449,4d564e84c87ac6faede110d04ed74a4226f9250b
Ralph Giles,1449019155,49946f1197fe9e3732976aac244ea2d39e9b0275
Matthew Gregan,1449018820,58f4438dd64e8b9aafb789ba4d9db25390f7b831
Ralph Giles,1449018119,41eacea208faa07a2dbd4d701ac22d661f21e801
Matthew Gregan,1448943571,b690e48a47cf4a281b69e6ac97783247e15bb400
Matthew Gregan,1447911189,faeb8d0974b74a11d90aaf6d2c1468d1ba724d24
Matthew Gregan,1446787664,e2b98923a4353721dafbaeb71d9b6fc17847cdcd
Ralph Giles,1446694819,22d16298fad1f5a6b7c0f70d49534290e656cc9e
Ralph Giles,1446659788,dcbe862e1ed6dcb1866782cdfb54a482fd4e93b3
Matthew Gregan,1446607895,55d38ac41c9f7d86df03b5c951ef6bee48900c54
Matthew Gregan,1446178803,4340ec47e2d5a37fd813c3450418570be898b814
Matthew Gregan,1446082304,6d55992589eb5cfefb989105252483ff3f791ccc
Ralph Giles,1446534489,5fb0357d818f830dbb1b494340a69832ed0114bf
Ralph Giles,1446533807,83b7c38cb19ab4a50d5e045bfbec3b4febf3b286
Ralph Giles,1446312080,5f47c7930be79fa93e63e2bbfa696ba7b096e367
Ralph Giles,1445622913,70f45690438af2e7e7c5cdec3ff8d13742fe29e8
Ralph Giles,1446144585,b584de0de5d43ca85c0b47599a3d7faef263290c
Ralph Giles,1446143466,9742275c59d352826d8ea5c817bc79706679b224
Ralph Giles,1446141992,b154acc87ef09db8e67adab358d39dfb69bbb1ea
Ralph Giles,1446141897,6899348dbdec5f1918125cc5aefb25580109d6b2
Ralph Giles,1446048599,abb0f2b5c43d94c32aa26a6f8936216584517707
Ralph Giles,1446048368,471c80a18f3e5bf831901748d94985428e41788c
Ralph Giles,1446048156,c0afc74159df1b520cdf87156b7c39dc2cf3430e
Matthew Gregan,1446004102,774928171070f465ecfd53b76b614ea2182f445c
Matthew Gregan,1446004047,0b0c0badf6f2e8916489e046edc4d8ff930d7020
Matthew Gregan,1446003718,ba8f131f0a681c2964b67d9d7c1be9e0191d7a92
Matthew Gregan,1446003552,a60ea2d6f49c91a763a0dbe331259f8deba2f460
Matthew Gregan,1446002682,65c741bdbd8b04380e48a25fea4b0ba199109b94
Matthew Gregan,1445484298,ba62c7d798bacf96a45867ea0148793d02027dc9
Matthew Gregan,1445485890,5f9ea87b958e422f16f2cd7f872d5f4a52c891b7
Matthew Gregan,1445484615,d1deaad235564191203b04a6b258f9c3f3b69ecd
Ralph Giles,1445987675,48fe2268aac5830553f5d8ee3c6b953b25b47946
Ralph Giles,1445986699,afe4f4f45dffbdacf5ce7658efab936968d3c6b2
Ralph Giles,1445983167,b6f41e51d9c127f83ebd3297f10f910ca0fe0f39
Ralph Giles,1445925019,e97cf8abb1b65327f1232c0ba5e5f6a2293c255b
Ralph Giles,1445903924,9eca3e76367ce1452ebca9fe54728e61c065734c
Ralph Giles,1445903808,9581f30b2791872c21916ce2de9e7b372f2be73a
Ralph Giles,1445903439,1f8087e62091ef16bae8f7fcc72b22f18aedf5af
Ralph Giles,1445902941,71a89bce949f40f585d64226b215cbf226db750c
Ralph Giles,1445635051,69056fb89680f6418aa8a7f332170cd75c2ef3ff
Ralph Giles,1445634957,e1559468ef0017cfa9d43beed0d732dfc61e1440
Ralph Giles,1445477073,5d5023dec3c7e33671aed625759465365d38e0ca
Ralph Giles,1445473007,0a8dfa549c980bf505d62403e40d88018be8ff36
Ralph Giles,1445469167,1fe92d8d7080a3d6b99dc0e0fbab19165b576213
Ralph Giles,1445468360,fc65aa57ae37e79777fd33979bc576d85fb48901
Matthew Gregan,1445377617,ad436ca086b9f35ffee9df3e543cacb591cbbf49
Ralph Giles,1445467744,30f74ad8fed050dff35344d55a074f8a88d5b5cf
Ralph Giles,1445461360,5e4ebf7709d1f4c5972d058c2427c83786af5c4d
Ralph Giles,1445460371,7a089ea9ead21dbd957daa2dd2aabc458dbbea1d
Ralph Giles,1445459754,bcbed167c6f707f981d03eaf03b0803b3c4f5631
Ralph Giles,1445459676,a6345abe1b077f3bb2c6765245761f8a9f50965c
Ralph Giles,1445383557,027e48329f22a006abeb092cc99411e1118383a7
Ralph Giles,1445383319,830a055d7f041f0fb18cddfd78a6eeeb44279e6f
Ralph Giles,1445378028,4dace6dcac6522af24a6beb1ef0ab0b465d19ce6
Ralph Giles,1445377828,6a5fc43ae0750bd1ada736b0aee4c0a0257e4ab3
Ralph Giles,1445375124,87d9e24044f59e2a3d15602ce26e5a3a25fe211c
Ralph Giles,1445374015,69052a9277ece5f5bf6265b22b41c2ddedf28f78
Ralph Giles,1445373832,ab4625be8f5f38fb99c0763ed265190bfdf46989
Matthew Gregan,1445305998,123c29483cd71f40961fe36e7f09379b8907c404
Matthew Gregan,1445315252,d58cf48d15263abd28fdc362d8a46a7c77db011f
Matthew Gregan,1445315219,a335c2d45188bf4099abf62fc9e90440719c653b
Matthew Gregan,1445308823,5907e3318781e2dc3dd2613e52e049184f164b69
Ralph Giles,1445277411,6552f0e532419f0015a5c4349a8a7090d107bae0
Ralph Giles,1445032609,8f7e4cfb87a88782325971582d5c937b3196bd70
Ralph Giles,1445028880,83ad295c55054d6c347149687b315190e505f650
Ralph Giles,1445028847,2a4c38bec16cad10d30f0e4ea0cb6a1a1dbc16f5
Ralph Giles,1445028769,85a23100df004891b6d4b092a0d3b506f011d90e
Ralph Giles,1445027966,a614819bb9839919ff06bf9332e2c5b8015617c6
Matthew Gregan,1444967529,40355b7daeaed6a8fd32b2c10eb4def877489971
Matthew Gregan,1444967506,1e91987a12d0731c97fd922f6aa0e3320bdd7cfc
Ralph Giles,1444932852,bea0c580ed9bc4996e5a48b2528ae0bb8d5e6816
Ralph Giles,1444931925,9125dbf2c7032f58ce901c0da33afd5942dbcbde
Matthew Gregan,1444885044,de11a57b115250bb72e17d8e34e4a62f81787c65
Matthew Gregan,1444884442,84021d80bd0baa04c13fce0d571b6d22c5530bc9
Matthew Gregan,1444884025,d97da5ab5a94f849427ca73a357b7ba1f9b80950
Matthew Gregan,1444883530,42a7c243d8dcdf830594d72c900453ba994f7b6d
Matthew Gregan,1444883392,af2ad9a6d86d48d78e3e46fe69f0a4d6bbc8a67e
Matthew Gregan,1444882909,57507c2e29f4c5e5c088c5be981671bc2d47f2ea
Matthew Gregan,1444882847,55ecd326aff8bb8ad8ea5524173a5ca79cdbcf0b
Matthew Gregan,1444881597,a8687da1a9f4b3c4a52bf03e41c93181e4549dbf
Matthew Gregan,1444874504,274a9e6ee5a72af2270b5dbf308da13310768dfd
Matthew Gregan,1444868070,32fb000f3778096a32ba84a6bc88da22734ef6c5
Ralph Giles,1444867903,5227c78b2815a16e8825db9b824824302c57f3c8
Ralph Giles,1444867861,9754442dd46d9d23114d97c157377126d73b1b5c
Ralph Giles,1444864391,43df5dd410279a9d1cdebaa68a3fa1bf4b2e391d
Ralph Giles,1444864297,5d521a67479a72457512a0653bc2b7b2e0a90801
Ralph Giles,1444860262,d33d11830e25fd32520e36520d14977d61e5851d
Ralph Giles,1444860074,f5bc7c4b2385190033ed465640682872c1945d83
Ralph Giles,1444859348,2ca1f079552e3ed96b27243bbe86729ebe2205f3
Matthew Gregan,1444713035,bca10d9ee77f436148bfed8f2e69052693aa7dec
Matthew Gregan,1444711095,e9226b5b1d4a57877d885b803eb82c8f2af2afb9
Matthew Gregan,1444708098,473ef58d9114058f466048e686751b214c21f5f7
Matthew Gregan,1444704105,27061df2fa7d2bff31f40d8f03753370b268c151
Matthew Gregan,1444703403,7a2571b552184968f673a16e50ea11c97bb06157
Matthew Gregan,1444702820,214a1afad872ba1f32f0aa7f5364d4eed9f721a2
Matthew Gregan,1444698264,7c5952f0fa104c0d0ff4cdb64364b1abf5edb1c3
Matthew Gregan,1444696455,56f2ed17a5b53e57a5640391eb22c0827416eb38
Matthew Gregan,1444691534,1fb2bb9491d2b329efb5f986ce99e461cb9ef3b3
Matthew Gregan,1444691525,5bc6853a8d2fae3cbaec0e413d9e5e2950d8f53c
Matthew Gregan,1444691451,f626ecfefcfa62487c7c5d12a01318feb3af7ef2
Matthew Gregan,1444627030,8d858f38252d936439820ea1930704a8ded8e4bf
Matthew Gregan,1444626330,d884924244e5c7d52b5b294419511c577c6495f8
Matthew Gregan,1444624904,316993d7f7f886d5ae05515af1e2f468705a06b8
Matthew Gregan,1444624074,dc6663461b2dadb63cb2ffbcbd2ca32c1e3af0eb
Matthew Gregan,1444622627,20e90958057846602022215f7881b0310d602d99
Matthew Gregan,1444618966,312453b9ccc9d6490ebcc86474c6f0beae81299a
Matthew Gregan,1444615657,afe4ca79c4cc5f66b409baf4aca28336d660163f
Matthew Gregan,1444612664,67161141ac3a52335690cf58a86f93a4b0618268
Matthew Gregan,1444610870,fdf747a074cd94c1433b68d4f16724aa7a769359
Matthew Gregan,1444610836,edd0054b90e66cd769effd541fb70db8e077422f
Matthew Gregan,1444602323,a70dade07d9e74d1ad58306c7e7be61e9366826e
Matthew Gregan,1444102596,6f1d1d5888d0c14610763851e3c0565929df431c
Matthew Gregan,1444015225,62217ddc66c276d98209b40e3aa6af4b4a11314e
Matthew Gregan,1444015126,34e1aed0d7492234710c44435de92fd907cf1443
Matthew Gregan,1444015059,46975d5e584727ed31993d7cb1632e5a1a99e25e
Ralph Giles,1443979304,2c260431886d4f5e223f8f1c922c4fa41efbf0e1
Ralph Giles,1443826113,00925f7c565f9dd4576072fe67eab4c05fba470b
Ralph Giles,1443825983,bb7fc3d121ca486ba8342549915cc20fc65c5bcf
Ralph Giles,1436210665,058dc1762829f1c54b8bca82a5fcaa74a83614c3
Ralph Giles,1435865201,9695e406c1538589a3147a5a80524a34e70a5540
Ralph Giles,1435857321,9347757da2f3ff3e0295644e604a42cab2b760a2
Ralph Giles,1435821781,a07eddcacfb4196cd646f247718c2b8b625af3f6
Ralph Giles,1435731029,b2b67a82e1782146049a8ff666015c1574bc0fe8
Ralph Giles,1435699651,7398db94f86e79193708efa036ce552436633a1e
Ralph Giles,1435699564,5a4ef7eeb8bb5904760bc16f8984253262b9090f
Ralph Giles,1435697996,678c5c43b19d42e0690abb3fa9abf81e83b18325
Ralph Giles,1435697286,e082b1c66b810cc9031aa755d0533a18a5fff17e
Ralph Giles,1435696275,5ce5a914a83fae09dab73deae34bab35d9fbd615
Ralph Giles,1435696137,de78dc8596bff7a37e59f8893550bd7b152aa587
Ralph Giles,1435696120,f3a7f59927039a74ecba04f99f880e57c6459824
Ralph Giles,1435696085,d79f8d3c216a633bb7340c0f2ff0c0a20c5a87ef
Ralph Giles,1435611736,3ee0b627e485c55347157d91e9a86038e8b866f5
Ralph Giles,1434746876,5a13c4b3b447d6b25faddebff296b1f73942330d
Ralph Giles,1434746401,09ad4fd834e905e0a3dfae9a7a4a16d4189a4f23
Ralph Giles,1434746216,685ffad6c0eb89fb10538023f2d4abdcd854094b
Ralph Giles,1434746163,fe374928d45591412bccf9270277ab091f562991
Ralph Giles,1434745953,a6fa16d4fb81773a15fe8b4a0060aeddfab57f2f
Ralph Giles,1434745808,00da1591c4ee25cb1ca335876be286ec2557b877
Ralph Giles,1434745443,63c8a40236a7590098beaf2e6eb1ce605ade9ab1
Ralph Giles,1434740521,14121f9dd54085e789bbd93ce8e4717221dd0458
Ralph Giles,1434495159,352e9159350200e06da0f3cd923074d589e90fe3
Ralph Giles,1434488723,dd9a42ca98ebfd82af03585493055e96dfedbb66
Ralph Giles,1434483565,7d41622411ebdbb00d33cec41682a0262806a06b
Ralph Giles,1434483383,ec6b8946e3c091e1fcebd9dabc16a9240c2d5060
Ralph Giles,1434478180,548caf5360160e79a9eae5e2aba9934068aaecf3
Ralph Giles,1434478150,102c9efed0984334206d6a3482183ebbb00f90b4
Ralph Giles,1434474950,288740c2633ebfc4e9ba2ceddabeafa45c3342a8
Ralph Giles,1434415836,d7454e497c48d7c5c536dc339cbbffa9650102d7
Ralph Giles,1434415806,e376b3c6f9be4da8b429b6c8fc3bc22bed97d955
Ralph Giles,1434412203,4d49923fcb0dbb23b230627433f35dc54b5805c1
Ralph Giles,1434404539,83c76bdc2ae7470fd1458c6d44bade9f2ee7810b
Ralph Giles,1434058130,a96f63341d688c8912ceeb0b2abadf931a4702ad
Ralph Giles,1433957485,388dd1af3ee4fbf2b0a693b08b5917618e8a43b4
Ralph Giles,1433957238,e2c8459fc7c3803e1275cf506496498067da3a64
Ralph Giles,1433548630,ce87ca89c5af1a1579482c6329dd1c51332fc1c7
Ralph Giles,1433548607,0ac48650df9eabe539157ea0a7b240271b249390
Ralph Giles,1433542015,41a8137f21dc66e9fb7ce780c5cfa4418015f90f
Ralph Giles,1433540338,88393f1589852294e399a23e9e25ab2b1c694cc5
Ralph Giles,1433540271,3250ace234cbe3079e105d3a5ac9874e7aba2d18
Ralph Giles,1433538234,544ace1611cca0714267e81dc6da0dd456ede3f2
Ralph Giles,1433537794,c760059f20a5c1ea0ef8d750bce264817fdb06e2
Ralph Giles,1433454180,5ffaba4a665b3d09a9a8f042a4875b2a26155dff
Ralph Giles,1433442272,52d3ff1da6ad16a3f9e82cfbfc9cc158e4c6af5a
Ralph Giles,1433440905,38e8cee9bf0dc61ec44926797706352449510773
Ralph Giles,1433377540,e5507d8073471d64f48243db81e723c4bc5fcf2a
Ralph Giles,1433376507,cd0be9b105b5eb2461b177b60df20bc5691c9d1f
Ralph Giles,1433376041,499aac17d02040aceb4cdab8ea0e99e1613cc94e
Ralph Giles,1433375997,cc2b7d034831b6e4205c27dd1357a4cba375f676
Ralph Giles,1433365342,9bcfdc4f365d26b23d4f74adebf858a4e8039768
Ralph Giles,1433286521,f4f01fa3baa1c13eff3f525281920a4f5f3d901d
Ralph Giles,1433283069,774b23eede5a0cb39db793ec3e10556340aa5149
Ralph Giles,1432941450,4a8917df34457a0b4f4c3df88470125cea9cb859
Ralph Giles,1432934167,463c7ea28e9b95a2fee7b86978eace2fa6944e8b
Ralph Giles,1432933585,001d32945a3a8be4d2f3fd37d00422ec3e9e715f
Ralph Giles,1432855891,988526a789a2085cb3f67128497ead5dc2a4aae6
Ralph Giles,1432597143,1d55037cb30d1b5f96d4b6eb7ec823decb39db7c
Ralph Giles,1432596577,f9adc29c4002e11fba56c91a8df4b6771139beba
Ralph Giles,1432593376,ba3c1f0f430f0003904035fdd0fa3cb968939b01
Ralph Giles,1432589639,33d64282f0b278214ba2fd35d11cd1294d41e536
Ralph Giles,1432237903,d29a573142b6ffb4098e7c3573010222b7b892e1
Ralph Giles,1432080219,62dae6d932d6b9d64fa364d77352a3009d25f792
Ralph Giles,1432079488,47d39bcf6a191c925136455e30c22185659b4ed3
Ralph Giles,1432079119,883afa5a8bac5ea4bc2f5217df0da7074a92fdc5
Ralph Giles,1430776131,3dd149a37e9818d29d5ff66b40a4c7e3c625a21f
Ralph Giles,1430765130,8d107c08c65b0f5c3e661f319836a8bc83ea80ea
Ralph Giles,1430763700,49b6e8a0803219e7b44a79803803126526427313
Ralph Giles,1430763507,138dc2878d08909aa5e73e1b86a2790dad48df2e
Ralph Giles,1430762055,b4b4b527775d5b0c9a129904375128aa38a56c1c
Ralph Giles,1430176168,b837ac57e58748cf04a1d93efdcd9a3fc4927c8c
Ralph Giles,1430176087,74288614a70ed97bfa5e59afb3efe1531bd92fb8
Ralph Giles,1430176041,fdf9dc7e1c94197127697d28dd0843c729de8221
Ralph Giles,1430167867,ab401a4cb8d491bf20b7ff1bd22d6766418fc163
Ralph Giles,1430161301,93af79e429575d42da598a972b19cd42827f7fd9
Ralph Giles,1429919667,8b29dfc37f64c848dc0f1e2fa0ccdb28abb2fb33
Ralph Giles,1429907974,7e501d84db31df8558a406308d81d5e3c3824e34
Ralph Giles,1429865709,7a4f9168844e762c0e4f94d390061bb374d3bcdb
Ralph Giles,1429865316,e71ea4c623ba8eb8d5a5f57628fb147344983ddd
Ralph Giles,1429864732,709fc507711dd99a74a3dad13db199e7212f5e61
Ralph Giles,1429864220,36202113054daf4ddd75cf3f93ffb5d763a7b5b5
Ralph Giles,1429863686,c7109b27b5fe1f279342aafcb076b3ecef98466b
Ralph Giles,1429862715,03c376d07d2585579d89751f5bd4499a0aea24f7
Ralph Giles,1429862238,e9d2e997c172cd73b0174ab307ad750db93adbdc
Ralph Giles,1429853979,c8f4f2f56cf101b266ab13126567334dff759982
Ralph Giles,1429739360,be29e324272c589c31967622bb3c2e5ddc9808cd
Ralph Giles,1429306986,cf7066e6dcd5d3f87bda4fa9df2bfdc224a6ecfe
Ralph Giles,1429306403,c40bbde6f9c1832ef15ecf03741c20c4c9b40c0e
Ralph Giles,1429306384,94f35d013b5b0f8ecc9bc83eecaeb4514df63521
Ralph Giles,1429305501,854c40607ddcf5aa80174908e042d15cec82f5ad
Ralph Giles,1427750398,1c0264f227349993c3d0b6f6f528a07b14dd927e
Ralph Giles,1427736017,a008981b9b0e2bc1ef10f23759b617a8ffb07e91
Ralph Giles,1427735981,cdebc187f6be1387aa332a0e8a276add3e7d2477
